RMSLE,MAE,R2
0.11504768614771248,12362.272483339859,0.9002134622928184
